ID,infoReq,loan
1,Email,0
2,Email,0
3,Email,0
4,Email,0
5,Email,0
6,Email,0
7,Email,0
8,Ph,0
9,Ph,0
10,Ph,1
11,Ph,0
12,Ph,0
13,Email,0
14,Email,0
15,Email,0
16,Email,0
17,Ph,1
18,Ph,0
19,Ph,1
20,Email,0
21,Ph,0
22,Ph,0
23,Email,0
24,Email,0
25,Email,0
26,Email,0
27,Email,0
28,Ph,0
29,Ph,0
30,Ph,1
31,Ph,0
32,Ph,0
33,Ph,0
34,Email,0
35,Ph,0
36,Email,0
37,Ph,0
38,Email,0
39,Ph,1
40,Email,0
41,Email,0
42,Ph,0
43,Ph,1
44,Email,0
45,Ph,0
46,Ph,0
47,Ph,0
48,Ph,1
49,Email,0
50,Email,0
51,Email,0
52,Email,0
53,Email,0
54,Ph,1
55,Ph,0
56,Email,0
57,Email,0
58,Ph,1
59,Email,0
60,Ph,0
61,Ph,0
62,Email,0
63,Email,0
64,Email,0
65,Ph,0
66,Email,0
67,Ph,0
68,Ph,0
69,Email,0
70,Email,0
71,Ph,0
72,Ph,0
73,Email,0
74,Email,0
75,Ph,0
76,Email,1
77,Email,0
78,Ph,0
79,Ph,1
80,Email,0
81,Email,0
82,Email,0
83,Ph,0
84,Email,0
85,Email,0
86,Email,0
87,Email,0
88,Email,0
89,Ph,0
90,Email,0
91,Ph,1
92,Ph,0
93,Email,0
94,Ph,0
95,Email,0
96,Ph,0
97,Email,0
98,Ph,0
99,Email,0
100,Email,0
101,Email,0
102,Ph,0
103,Email,0
104,Ph,0
105,Email,0
106,Ph,0
107,Email,0
108,Ph,0
109,Email,0
110,Email,0
111,Email,0
112,Email,0
113,Email,0
114,Email,0
115,Ph,0
116,Email,0
117,Ph,0
118,Email,0
119,Email,0
120,Email,0
121,Email,0
122,Email,0
123,Email,0
124,Email,0
125,Email,0
126,Email,0
127,Email,0
128,Ph,0
129,Email,0
130,Email,0
131,Ph,0
132,Ph,1
133,Email,0
134,Ph,0
135,Ph,0
136,Email,0
137,Ph,0
138,Email,0
139,Email,0
140,Email,0
141,Email,0
142,Email,0
143,Email,0
144,Email,0
145,Email,0
146,Email,0
147,Ph,0
148,Email,0
149,Email,0
150,Ph,0
151,Email,0
152,Ph,1
153,Email,0
154,Email,0
155,Email,0
156,Email,0
157,Ph,0
158,Email,0
159,Ph,0
160,Email,0
161,Email,1
162,Email,0
163,Ph,0
164,Email,0
165,Email,0
166,Ph,0
167,Email,0
168,Email,0
169,Ph,0
170,Email,0
171,Ph,0
172,Email,0
173,Ph,0
174,Email,0
175,Ph,1
176,Email,0
177,Email,0
178,Email,0
179,Ph,0
180,Ph,0
181,Email,0
182,Email,0
183,Email,0
184,Ph,1
185,Email,0
186,Email,0
187,Email,0
188,Ph,1
189,Email,0
190,Ph,0
191,Email,0
192,Email,0
193,Email,0
194,Email,0
195,Email,0
196,Email,0
197,Email,0
198,Email,0
199,Email,0
200,Ph,1
201,Email,0
202,Ph,0
203,Email,0
204,Email,0
205,Email,0
206,Email,0
207,Email,0
208,Email,0
209,Ph,0
210,Email,1
211,Email,0
212,Email,0
213,Email,0
214,Ph,0
215,Email,0
216,Email,0
217,Email,0
218,Ph,0
219,Email,0
220,Email,0
221,Email,0
222,Email,0
223,Email,0
224,Email,0
225,Email,0
226,Email,0
227,Email,0
228,Email,0
229,Ph,0
230,Email,0
231,Email,0
232,Email,0
233,Email,0
234,Email,0
235,Email,0
236,Email,0
237,Email,0
238,Ph,0
239,Ph,0
240,Ph,0
241,Email,0
242,Email,0
243,Email,0
244,Ph,1
245,Email,0
246,Email,0
247,Email,0
248,Ph,1
249,Email,0
250,Email,0
251,Email,0
252,Ph,1
253,Ph,0
254,Ph,0
255,Ph,1
256,Email,0
257,Email,0
258,Email,0
259,Email,0
260,Ph,0
261,Email,0
262,Ph,1
263,Email,0
264,Email,0
265,Email,0
266,Email,0
267,Email,0
268,Ph,0
269,Email,0
270,Email,0
271,Email,0
272,Ph,0
273,Email,0
274,Ph,0
275,Email,0
276,Ph,0
277,Email,0
278,Email,0
279,Email,0
280,Email,0
281,Email,0
282,Email,0
283,Ph,0
284,Email,0
285,Email,0
286,Email,0
287,Ph,0
288,Email,0
289,Ph,1
290,Ph,0
291,Ph,0
292,Email,0
293,Ph,0
294,Email,0
295,Email,0
296,Email,0
297,Email,0
298,Email,0
299,Email,0
300,Email,1
301,Email,0
302,Email,0
303,Email,0
304,Ph,1
305,Ph,0
306,Ph,0
307,Email,0
308,Email,0
309,Email,0
310,Email,0
311,Email,0
312,Email,0
313,Email,0
314,Ph,0
315,Email,0
316,Ph,0
317,Ph,1
318,Ph,1
319,Email,0
320,Email,0
321,Email,0
322,Ph,1
323,Ph,1
324,Ph,1
325,Ph,1
326,Ph,0
327,Email,0
328,Email,0
329,Email,0
330,Email,0
331,Email,0
332,Email,0
333,Ph,0
334,Email,0
335,Email,0
336,Email,0
337,Ph,0
338,Email,0
339,Ph,0
340,Email,0
341,Email,0
342,Ph,0
343,Email,0
344,Email,0
345,Email,0
346,Email,0
347,Email,0
348,Email,0
349,Email,1
350,Ph,1
351,Ph,0
352,Email,1
353,Email,0
354,Email,0
355,Email,0
356,Email,0
357,Email,0
358,Ph,0
359,Ph,0
360,Ph,0
361,Ph,0
362,Email,0
363,Email,0
364,Email,0
365,Email,0
366,Email,1
367,Ph,0
368,Ph,0
369,Email,0
370,Email,0
371,Ph,0
372,Email,0
373,Ph,0
374,Email,0
375,Email,0
376,Email,0
377,Email,0
378,Email,0
379,Email,0
380,Ph,0
381,Email,0
382,Email,0
383,Ph,1
384,Email,0
385,Ph,0
386,Ph,0
387,Ph,0
388,Email,0
389,Ph,1
390,Email,0
391,Email,0
392,Email,0
393,Email,0
394,Ph,0
395,Ph,0
396,Ph,0
397,Email,0
398,Ph,0
399,Email,0
400,Email,0
401,Email,1
402,Email,0
403,Email,0
404,Ph,0
405,Ph,0
406,Ph,0
407,Email,0
408,Email,0
409,Email,0
410,Email,0
411,Ph,0
412,Email,0
413,Email,0
414,Email,0
415,Email,0
416,Email,0
417,Email,0
418,Email,0
419,Ph,0
420,Email,0
421,Email,0
422,Email,1
423,Ph,0
424,Email,0
425,Email,0
426,Email,0
427,Email,0
428,Ph,0
429,Email,0
430,Email,0
431,Email,0
432,Email,0
433,Email,0
434,Email,0
435,Ph,0
436,Email,0
437,Email,0
438,Email,0
439,Ph,1
440,Email,0
441,Ph,0
442,Ph,0
443,Ph,1
444,Email,0
445,Email,0
446,Ph,0
447,Email,0
448,Email,0
449,Ph,0
450,Email,0
451,Email,0
452,Email,0
453,Ph,0
454,Email,0
455,Email,0
456,Email,0
457,Ph,0
458,Email,0
459,Ph,0
460,Ph,0
461,Email,0
462,Email,0
463,Ph,1
464,Ph,1
465,Ph,1
466,Email,0
467,Ph,0
468,Ph,0
469,Email,0
470,Email,0
471,Ph,0
472,Email,0
473,Ph,0
474,Ph,1
475,Email,0
476,Ph,1
477,Email,0
478,Email,0
479,Ph,0
480,Email,0
481,Email,0
482,Email,0
483,Ph,1
484,Ph,0
485,Ph,0
486,Email,0
487,Email,0
488,Ph,0
489,Email,0
490,Email,0
491,Ph,0
492,Ph,0
493,Email,0
494,Email,0
495,Email,0
496,Email,0
497,Email,0
498,Ph,0
499,Email,0
500,Email,0
501,Email,0
502,Email,0
503,Email,0
504,Email,0
505,Email,0
506,Ph,1
507,Ph,0
508,Email,0
509,Email,0
510,Email,0
511,Email,0
512,Email,0
513,Email,0
514,Email,0
515,Email,0
516,Ph,0
517,Ph,0
518,Email,0
519,Email,0
520,Ph,0
521,Ph,0
522,Ph,0
523,Email,0
524,Ph,0
525,Email,0
526,Email,0
527,Ph,0
528,Email,0
529,Ph,1
530,Email,0
531,Ph,0
532,Email,0
533,Ph,0
534,Ph,0
535,Ph,0
536,Email,0
537,Email,0
538,Ph,1
539,Ph,0
540,Email,0
541,Email,0
542,Email,0
543,Ph,0
544,Email,0
545,Email,0
546,Email,0
547,Email,0
548,Email,0
549,Email,0
550,Email,0
551,Email,0
552,Email,0
553,Email,0
554,Email,0
555,Email,0
556,Email,0
557,Ph,0
558,Ph,0
559,Ph,0
560,Email,0
561,Email,0
562,Ph,0
563,Email,0
564,Email,0
565,Ph,0
566,Ph,0
567,Ph,1
568,Ph,0
569,Email,0
570,Email,0
571,Ph,1
572,Email,0
573,Email,0
574,Email,0
575,Email,0
576,Ph,0
577,Email,0
578,Email,0
579,Email,0
580,Ph,0
581,Ph,0
582,Email,0
583,Email,0
584,Email,0
585,Email,0
586,Email,0
587,Email,0
588,Email,0
589,Ph,0
590,Email,0
591,Email,0
592,Email,0
593,Ph,0
594,Email,0
595,Ph,0
596,Email,0
597,Ph,1
598,Email,0
599,Email,0
600,Email,0
601,Email,0
602,Email,0
603,Email,0
604,Ph,0
605,Ph,0
606,Email,0
607,Email,0
608,Ph,1
609,Email,0
610,Ph,0
611,Email,0
612,Email,0
613,Email,0
614,Email,0
615,Ph,0
616,Email,0
617,Email,0
618,Email,0
619,Email,0
620,Email,0
621,Ph,1
622,Email,0
623,Email,0
624,Email,0
625,Email,0
626,Email,0
627,Ph,0
628,Email,0
629,Email,0
630,Ph,0
631,Email,0
632,Email,0
633,Ph,1
634,Email,0
635,Email,0
636,Email,0
637,Ph,0
638,Email,0
639,Ph,0
640,Email,0
641,Ph,0
642,Email,0
643,Email,0
644,Email,0
645,Email,0
646,Email,0
647,Email,0
648,Email,0
649,Email,0
650,Email,0
651,Ph,1
652,Email,0
653,Email,0
654,Email,0
655,Ph,1
656,Email,0
657,Ph,0
658,Ph,0
659,Email,0
660,Ph,0
661,Email,0
662,Ph,0
663,Ph,1
664,Email,0
665,Email,0
666,Email,0
667,Email,0
668,Email,0
669,Email,0
670,Email,0
671,Email,0
672,Ph,1
673,Ph,0
674,Email,0
675,Email,0
676,Email,0
677,Email,0
678,Email,0
679,Email,0
680,Email,0
681,Email,0
682,Ph,1
683,Ph,0
684,Email,0
685,Email,0
686,Email,0
687,Email,0
688,Email,0
689,Email,0
690,Email,0
691,Email,0
692,Email,0
693,Ph,0
694,Ph,0
695,Email,0
696,Ph,0
697,Email,0
698,Ph,0
699,Email,0
700,Ph,0
701,Email,0
702,Email,0
703,Email,1
704,Email,0
705,Email,0
706,Email,0
707,Email,0
708,Email,0
709,Email,0
710,Email,0
711,Email,0
712,Ph,0
713,Email,0
714,Ph,0
715,Email,0
716,Email,0
717,Email,0
718,Ph,0
719,Email,0
720,Email,0
721,Email,0
722,Email,0
723,Ph,1
724,Ph,0
725,Email,0
726,Email,0
727,Ph,0
728,Email,0
729,Ph,1
730,Ph,0
731,Ph,0
732,Email,0
733,Ph,0
734,Email,0
735,Ph,0
736,Email,0
737,Ph,1
738,Email,1
739,Email,0
740,Email,0
741,Email,0
742,Email,0
743,Ph,0
744,Email,0
745,Email,0
746,Email,0
747,Email,0
748,Email,0
749,Email,0
750,Email,0
751,Email,0
752,Email,0
753,Email,0
754,Ph,0
755,Email,0
756,Ph,0
757,Email,0
758,Email,0
759,Email,0
760,Email,0
761,Ph,0
762,Email,0
763,Email,0
764,Email,0
765,Email,0
766,Ph,1
767,Email,0
768,Email,0
769,Email,0
770,Email,0
771,Ph,1
772,Ph,0
773,Ph,1
774,Ph,0
775,Ph,0
776,Ph,0
777,Ph,1
778,Email,0
779,Email,0
780,Ph,1
781,Ph,0
782,Email,1
783,Ph,1
784,Email,0
785,Email,0
786,Email,0
787,Ph,0
788,Ph,1
789,Email,0
790,Email,0
791,Email,0
792,Ph,0
793,Email,0
794,Email,0
795,Email,0
796,Ph,0
797,Email,0
798,Ph,0
799,Ph,0
800,Email,0
801,Email,0
802,Email,0
803,Ph,0
804,Ph,0
805,Email,0
806,Ph,1
807,Email,0
808,Email,0
809,Ph,0
810,Email,0
811,Ph,0
812,Email,0
813,Email,0
814,Ph,1
815,Ph,0
816,Ph,0
817,Ph,0
818,Email,0
819,Ph,0
820,Email,0
821,Email,0
822,Email,0
823,Ph,0
824,Email,0
825,Email,0
826,Email,0
827,Email,0
828,Ph,0
829,Email,0
830,Email,0
831,Email,0
832,Email,0
833,Email,0
834,Email,0
835,Ph,1
836,Email,0
837,Email,0
838,Email,0
839,Email,0
840,Email,0
841,Email,0
842,Email,0
843,Email,0
844,Ph,0
845,Email,0
846,Email,0
847,Email,0
848,Email,0
849,Email,0
850,Ph,0
851,Ph,0
852,Ph,0
853,Email,0
854,Ph,0
855,Ph,0
856,Email,0
857,Email,0
858,Ph,0
859,Ph,0
860,Ph,1
861,Email,0
862,Email,0
863,Email,0
864,Email,0
865,Email,0
866,Email,0
867,Ph,0
868,Email,0
869,Ph,0
870,Ph,0
871,Ph,0
872,Ph,0
873,Email,0
874,Email,0
875,Email,0
876,Email,0
877,Email,0
878,Ph,0
879,Email,0
880,Email,0
881,Email,0
882,Email,0
883,Email,0
884,Email,0
885,Ph,0
886,Ph,0
887,Email,0
888,Email,0
889,Ph,1
890,Email,0
891,Email,0
892,Ph,1
893,Email,0
894,Email,0
895,Email,0
896,Email,0
897,Ph,1
898,Email,0
899,Ph,0
900,Ph,1
901,Email,0
902,Ph,0
903,Email,0
904,Ph,0
905,Email,0
906,Ph,0
907,Email,0
908,Email,0
909,Ph,0
910,Email,0
911,Email,0
912,Email,0
913,Ph,0
914,Ph,0
915,Ph,1
916,Email,0
917,Email,0
918,Email,0
919,Email,0
920,Ph,0
921,Email,0
922,Email,0
923,Email,0
924,Ph,0
925,Email,0
926,Email,0
927,Ph,0
928,Ph,1
929,Ph,0
930,Ph,0
931,Email,0
932,Ph,0
933,Ph,0
934,Email,0
935,Email,0
936,Email,0
937,Email,0
938,Email,0
939,Email,0
940,Email,0
941,Ph,1
942,Email,1
943,Email,0
944,Email,0
945,Ph,0
946,Ph,0
947,Email,0
948,Email,0
949,Email,0
950,Ph,0
951,Email,0
952,Ph,1
953,Email,0
954,Email,0
955,Ph,1
956,Email,0
957,Email,0
958,Ph,0
959,Email,0
960,Email,0
961,Ph,0
962,Email,0
963,Email,0
964,Email,0
965,Email,0
966,Ph,1
967,Email,0
968,Email,0
969,Email,0
970,Ph,0
971,Email,0
972,Ph,1
973,Email,0
974,Email,0
975,Email,0
976,Ph,1
977,Email,0
978,Email,0
979,Email,0
980,Ph,0
981,Email,0
982,Ph,1
983,Email,0
984,Email,0
985,Email,0
986,Email,0
987,Ph,0
988,Email,0
989,Ph,0
990,Ph,0
991,Email,0
992,Email,0
993,Email,0
994,Ph,1
995,Email,0
996,Ph,0
997,Ph,0
998,Email,0
999,Ph,0
1000,Email,0
1001,Email,0
1002,Email,0
1003,Email,0
1004,Email,0
1005,Email,0
1006,Ph,0
1007,Email,0
1008,Ph,1
1009,Ph,0
1010,Email,0
1011,Email,0
1012,Email,0
1013,Email,0
1014,Email,0
1015,Ph,1
1016,Email,0
1017,Email,0
1018,Ph,0
1019,Email,0
1020,Ph,0
1021,Email,0
1022,Email,0
1023,Ph,1
1024,Ph,0
1025,Ph,1
1026,Email,0
1027,Email,0
1028,Ph,0
1029,Ph,1
1030,Email,0
1031,Email,0
1032,Email,0
1033,Email,0
1034,Email,0
1035,Ph,0
1036,Email,0
1037,Email,0
1038,Email,0
1039,Email,1
1040,Ph,1
1041,Email,0
1042,Email,0
1043,Email,0
1044,Email,0
1045,Ph,0
1046,Email,0
1047,Email,0
1048,Email,0
1049,Ph,0
1050,Email,0
1051,Email,1
1052,Email,0
1053,Email,0
1054,Email,0
1055,Ph,0
1056,Email,0
1057,Ph,0
1058,Ph,0
1059,Email,0
1060,Email,0
1061,Email,0
1062,Email,0
1063,Email,1
1064,Email,0
1065,Ph,1
1066,Ph,0
1067,Email,1
1068,Email,0
1069,Email,0
1070,Ph,1
1071,Ph,0
1072,Email,0
1073,Email,0
1074,Ph,0
1075,Email,0
1076,Ph,0
1077,Email,0
1078,Ph,1
1079,Email,0
1080,Email,0
1081,Email,0
1082,Ph,0
1083,Email,0
1084,Email,0
1085,Ph,1
1086,Ph,0
1087,Email,0
1088,Email,0
1089,Ph,0
1090,Ph,0
1091,Email,0
1092,Email,0
1093,Email,0
1094,Email,0
1095,Email,0
1096,Email,0
1097,Email,0
1098,Ph,1
1099,Ph,0
1100,Ph,0
1101,Email,0
1102,Email,0
1103,Email,0
1104,Email,0
1105,Email,0
1106,Ph,1
1107,Email,0
1108,Email,0
1109,Ph,0
1110,Ph,0
1111,Email,0
1112,Email,0
1113,Ph,0
1114,Email,0
1115,Email,0
1116,Email,0
1117,Email,0
1118,Email,0
1119,Email,0
1120,Email,0
1121,Ph,0
1122,Ph,0
1123,Email,0
1124,Email,0
1125,Ph,0
1126,Email,0
1127,Ph,1
1128,Email,0
1129,Email,1
1130,Ph,1
1131,Email,0
1132,Email,0
1133,Email,0
1134,Email,0
1135,Ph,0
1136,Ph,0
1137,Email,0
1138,Ph,1
1139,Email,0
1140,Email,0
1141,Ph,0
1142,Email,1
1143,Email,0
1144,Ph,1
1145,Ph,0
1146,Email,0
1147,Email,0
1148,Email,0
1149,Email,0
1150,Email,0
1151,Ph,0
1152,Email,0
1153,Ph,0
1154,Ph,0
1155,Email,0
1156,Ph,0
1157,Ph,0
1158,Email,0
1159,Email,0
1160,Email,0
1161,Ph,0
1162,Ph,1
1163,Email,0
1164,Ph,0
1165,Ph,1
1166,Email,0
1167,Ph,1
1168,Email,0
1169,Email,0
1170,Ph,0
1171,Email,0
1172,Email,0
1173,Ph,0
1174,Email,0
1175,Email,0
1176,Email,0
1177,Ph,1
1178,Ph,1
1179,Ph,0
1180,Ph,0
1181,Email,0
1182,Email,0
1183,Email,0
1184,Email,0
1185,Ph,0
1186,Email,0
1187,Ph,0
1188,Email,0
1189,Email,0
1190,Email,0
1191,Email,0
1192,Email,0
1193,Email,0
1194,Email,0
1195,Email,0
1196,Ph,1
1197,Email,0
1198,Ph,0
1199,Ph,0
1200,Email,0
1201,Email,0
1202,Email,0
1203,Email,0
1204,Email,0
1205,Email,1
1206,Ph,0
1207,Ph,1
1208,Email,0
1209,Email,0
1210,Email,0
1211,Email,0
1212,Email,0
1213,Email,0
1214,Email,0
1215,Email,0
1216,Email,0
1217,Ph,0
1218,Email,0
1219,Ph,0
1220,Ph,0
1221,Email,0
1222,Email,0
1223,Email,0
1224,Email,0
1225,Email,0
1226,Ph,1
1227,Email,0
1228,Email,0
1229,Email,0
1230,Email,0
1231,Email,0
1232,Email,0
1233,Email,0
1234,Email,0
1235,Email,0
1236,Email,0
1237,Email,0
1238,Ph,1
1239,Email,0
1240,Ph,0
1241,Email,0
1242,Email,0
1243,Ph,0
1244,Ph,0
1245,Email,1
1246,Email,0
1247,Email,0
1248,Email,0
1249,Email,0
1250,Email,0
1251,Ph,0
1252,Ph,0
1253,Email,0
1254,Ph,0
1255,Email,0
1256,Email,0
1257,Email,0
1258,Email,0
1259,Ph,0
1260,Email,0
1261,Email,0
1262,Ph,0
1263,Email,0
1264,Ph,0
1265,Ph,0
1266,Email,0
1267,Email,0
1268,Email,0
1269,Email,0
1270,Email,0
1271,Email,0
1272,Email,0
1273,Email,0
1274,Ph,1
1275,Email,0
1276,Email,0
1277,Email,0
1278,Email,0
1279,Email,0
1280,Email,0
1281,Email,0
1282,Ph,0
1283,Email,0
1284,Email,0
1285,Ph,0
1286,Ph,1
1287,Email,0
1288,Ph,0
1289,Email,0
1290,Email,0
1291,Email,0
1292,Ph,0
1293,Ph,1
1294,Email,0
1295,Email,0
1296,Ph,0
1297,Ph,0
1298,Email,0
1299,Email,0
1300,Ph,0
1301,Email,0
1302,Email,0
1303,Ph,0
1304,Email,0
1305,Email,0
1306,Email,0
1307,Email,0
1308,Email,0
1309,Email,0
1310,Email,0
1311,Email,0
1312,Ph,0
1313,Email,0
1314,Email,0
1315,Email,0
1316,Email,0
1317,Email,0
1318,Email,0
1319,Email,0
1320,Email,0
1321,Ph,1
1322,Email,0
1323,Email,0
1324,Email,0
1325,Ph,0
1326,Ph,0
1327,Email,0
1328,Email,0
1329,Ph,1
1330,Ph,0
1331,Email,0
1332,Ph,0
1333,Ph,0
1334,Email,0
1335,Email,0
1336,Email,0
1337,Email,0
1338,Ph,1
1339,Email,0
1340,Ph,1
1341,Ph,0
1342,Email,0
1343,Email,0
1344,Ph,0
1345,Email,0
1346,Email,0
1347,Email,0
1348,Email,0
1349,Email,0
1350,Ph,1
1351,Email,0
1352,Email,0
1353,Email,0
1354,Email,0
1355,Ph,0
1356,Email,0
1357,Email,0
1358,Ph,0
1359,Email,0
1360,Email,0
1361,Email,0
1362,Ph,0
1363,Ph,0
1364,Email,0
1365,Ph,0
1366,Ph,0
1367,Ph,0
1368,Ph,0
1369,Ph,0
1370,Ph,0
1371,Ph,0
1372,Email,0
1373,Ph,1
1374,Ph,1
1375,Email,0
1376,Ph,1
1377,Email,0
1378,Email,0
1379,Email,0
1380,Email,0
1381,Ph,0
1382,Email,0
1383,Email,0
1384,Email,0
1385,Email,0
1386,Email,0
1387,Email,0
1388,Ph,0
1389,Email,0
1390,Email,0
1391,Email,0
1392,Email,0
1393,Ph,0
1394,Ph,0
1395,Ph,0
1396,Ph,1
1397,Email,0
1398,Email,0
1399,Ph,0
1400,Email,0
1401,Email,0
1402,Ph,0
1403,Ph,1
1404,Email,0
1405,Email,0
1406,Email,1
1407,Email,0
1408,Ph,1
1409,Ph,1
1410,Email,0
1411,Email,0
1412,Ph,1
1413,Email,0
1414,Email,0
1415,Email,0
1416,Email,0
1417,Email,0
1418,Email,0
1419,Email,1
1420,Ph,0
1421,Email,0
1422,Ph,0
1423,Email,0
1424,Email,0
1425,Ph,0
1426,Ph,0
1427,Email,0
1428,Email,0
1429,Ph,0
1430,Email,0
1431,Ph,0
1432,Email,0
1433,Email,0
1434,Email,0
1435,Email,0
1436,Email,0
1437,Email,0
1438,Email,0
1439,Ph,0
1440,Ph,0
1441,Email,0
1442,Email,0
1443,Email,0
1444,Email,0
1445,Ph,1
1446,Email,0
1447,Email,0
1448,Ph,0
1449,Email,0
1450,Ph,0
1451,Email,0
1452,Ph,0
1453,Email,0
1454,Ph,0
1455,Email,0
1456,Email,0
1457,Email,0
1458,Email,0
1459,Ph,0
1460,Ph,0
1461,Email,0
1462,Email,0
1463,Email,0
1464,Email,0
1465,Email,0
1466,Email,0
1467,Email,0
1468,Email,0
1469,Ph,0
1470,Email,0
1471,Email,0
1472,Email,0
1473,Email,0
1474,Email,0
1475,Email,0
1476,Email,0
1477,Email,0
1478,Ph,0
1479,Ph,1
1480,Ph,0
1481,Ph,0
1482,Ph,0
1483,Email,0
1484,Email,0
1485,Email,0
1486,Email,0
1487,Ph,1
1488,Email,0
1489,Email,0
1490,Email,0
1491,Email,0
1492,Ph,0
1493,Ph,0
1494,Email,0
1495,Email,0
1496,Email,1
1497,Email,0
1498,Email,0
1499,Email,0
1500,Ph,1
1501,Email,0
1502,Email,0
1503,Email,0
1504,Ph,0
1505,Ph,1
1506,Email,0
1507,Ph,0
1508,Email,0
1509,Ph,0
1510,Email,0
1511,Email,0
1512,Email,0
1513,Email,0
1514,Email,0
1515,Email,0
1516,Ph,0
1517,Email,0
1518,Email,0
1519,Ph,1
1520,Email,0
1521,Email,0
1522,Email,0
1523,Email,0
1524,Email,0
1525,Email,1
1526,Email,0
1527,Email,0
1528,Ph,0
1529,Email,0
1530,Email,0
1531,Ph,0
1532,Ph,0
1533,Email,0
1534,Ph,0
1535,Email,0
1536,Ph,0
1537,Ph,0
1538,Ph,0
1539,Email,0
1540,Email,0
1541,Email,0
1542,Email,0
1543,Email,0
1544,Ph,0
1545,Email,0
1546,Email,0
1547,Email,0
1548,Email,0
1549,Email,0
1550,Ph,0
1551,Email,0
1552,Email,0
1553,Email,0
1554,Email,0
1555,Email,0
1556,Email,0
1557,Ph,0
1558,Ph,0
1559,Email,0
1560,Ph,1
1561,Email,0
1562,Email,0
1563,Ph,0
1564,Ph,0
1565,Email,0
1566,Ph,0
1567,Email,0
1568,Ph,0
1569,Ph,0
1570,Email,0
1571,Ph,1
1572,Email,0
1573,Email,0
1574,Email,0
1575,Email,0
1576,Email,0
1577,Email,0
1578,Ph,1
1579,Email,0
1580,Ph,1
1581,Email,0
1582,Email,0
1583,Ph,1
1584,Email,1
1585,Ph,0
1586,Email,0
1587,Ph,0
1588,Email,0
1589,Email,0
1590,Ph,1
1591,Email,0
1592,Email,0
1593,Email,1
1594,Ph,0
1595,Email,0
1596,Ph,0
1597,Email,0
1598,Email,0
1599,Ph,0
1600,Email,0
1601,Ph,0
1602,Email,0
1603,Email,0
1604,Ph,1
1605,Ph,1
1606,Ph,0
1607,Email,0
1608,Email,0
1609,Email,0
1610,Email,0
1611,Email,0
1612,Email,0
1613,Ph,0
1614,Email,0
1615,Ph,0
1616,Ph,0
1617,Ph,1
1618,Email,0
1619,Email,0
1620,Ph,0
1621,Ph,0
1622,Ph,0
1623,Email,0
1624,Email,0
1625,Email,0
1626,Ph,0
1627,Email,0
1628,Email,0
1629,Email,0
1630,Ph,1
1631,Email,0
1632,Ph,1
1633,Email,1
1634,Email,0
1635,Email,0
1636,Email,0
1637,Email,0
1638,Ph,1
1639,Ph,0
1640,Ph,0
1641,Email,0
1642,Ph,1
1643,Ph,0
1644,Email,0
1645,Ph,0
1646,Email,0
1647,Ph,0
1648,Ph,0
1649,Ph,0
1650,Ph,0
1651,Ph,0
1652,Ph,1
1653,Ph,1
1654,Ph,0
1655,Ph,0
1656,Email,0
1657,Email,0
1658,Email,0
1659,Email,0
1660,Ph,1
1661,Email,0
1662,Email,0
1663,Email,0
1664,Email,0
1665,Email,0
1666,Email,0
1667,Ph,1
1668,Ph,0
1669,Ph,0
1670,Ph,0
1671,Ph,0
1672,Email,0
1673,Ph,1
1674,Email,0
1675,Ph,1
1676,Email,0
1677,Ph,0
1678,Email,0
1679,Email,0
1680,Email,1
1681,Email,0
1682,Ph,0
1683,Email,0
1684,Email,0
1685,Email,0
1686,Email,0
1687,Ph,0
1688,Email,0
1689,Email,0
1690,Ph,0
1691,Email,0
1692,Email,0
1693,Email,0
1694,Email,0
1695,Email,0
1696,Ph,0
1697,Ph,0
1698,Email,0
1699,Email,0
1700,Email,0
1701,Email,0
1702,Ph,0
1703,Ph,0
1704,Email,0
1705,Email,0
1706,Ph,0
1707,Ph,0
1708,Ph,0
1709,Ph,0
1710,Email,0
1711,Email,0
1712,Ph,0
1713,Ph,0
1714,Email,0
1715,Email,0
1716,Email,0
1717,Ph,0
1718,Email,0
1719,Email,0
1720,Email,0
1721,Email,0
1722,Email,0
1723,Email,0
1724,Email,0
1725,Email,0
1726,Email,0
1727,Email,0
1728,Email,0
1729,Email,0
1730,Email,0
1731,Ph,0
1732,Ph,1
1733,Ph,0
1734,Ph,0
1735,Ph,0
1736,Email,0
1737,Email,0
1738,Email,0
1739,Ph,0
1740,Email,0
1741,Ph,0
1742,Email,0
1743,Ph,0
1744,Ph,0
1745,Email,0
1746,Email,0
1747,Ph,0
1748,Ph,0
1749,Email,0
1750,Email,0
1751,Email,0
1752,Ph,0
1753,Ph,1
1754,Email,0
1755,Email,0
1756,Email,0
1757,Email,0
1758,Email,0
1759,Email,0
1760,Email,0
1761,Ph,0
1762,Email,0
1763,Email,0
1764,Email,0
1765,Ph,0
1766,Email,0
1767,Ph,0
1768,Ph,0
1769,Email,1
1770,Ph,0
1771,Email,0
1772,Email,0
1773,Ph,0
1774,Ph,0
1775,Ph,0
1776,Email,0
1777,Email,0
1778,Email,0
1779,Email,0
1780,Email,0
1781,Email,0
1782,Email,0
1783,Email,0
1784,Email,0
1785,Ph,1
1786,Email,0
1787,Email,0
1788,Email,0
1789,Email,0
1790,Ph,1
1791,Email,0
1792,Email,0
1793,Ph,0
1794,Ph,1
1795,Email,1
1796,Ph,0
1797,Ph,0
1798,Email,0
1799,Ph,1
1800,Email,0
1801,Email,0
1802,Ph,0
1803,Email,0
1804,Email,0
1805,Ph,0
1806,Email,0
1807,Email,0
1808,Ph,0
1809,Email,0
1810,Ph,0
1811,Email,0
1812,Ph,0
1813,Email,0
1814,Email,0
1815,Email,0
1816,Ph,0
1817,Email,0
1818,Email,0
1819,Email,0
1820,Ph,0
1821,Ph,0
1822,Email,0
1823,Ph,1
1824,Email,0
1825,Ph,1
1826,Ph,1
1827,Ph,0
1828,Email,0
1829,Email,0
1830,Ph,0
1831,Email,0
1832,Email,0
1833,Ph,0
1834,Ph,1
1835,Email,0
1836,Email,0
1837,Email,0
1838,Email,0
1839,Email,0
1840,Ph,0
1841,Email,0
1842,Ph,0
1843,Ph,0
1844,Ph,0
1845,Ph,0
1846,Email,0
1847,Email,0
1848,Ph,0
1849,Email,0
1850,Ph,0
1851,Ph,0
1852,Email,0
1853,Email,0
1854,Email,0
1855,Ph,0
1856,Ph,0
1857,Email,0
1858,Email,0
1859,Email,0
1860,Email,0
1861,Ph,1
1862,Email,0
1863,Email,0
1864,Email,0
1865,Ph,0
1866,Email,0
1867,Email,0
1868,Email,0
1869,Email,0
1870,Ph,0
1871,Email,1
1872,Email,0
1873,Email,0
1874,Ph,0
1875,Email,0
1876,Email,0
1877,Email,0
1878,Ph,0
1879,Ph,0
1880,Email,0
1881,Ph,0
1882,Email,0
1883,Email,1
1884,Ph,0
1885,Email,0
1886,Email,0
1887,Email,0
1888,Email,0
1889,Ph,0
1890,Ph,1
1891,Email,0
1892,Ph,0
1893,Email,0
1894,Ph,0
1895,Email,0
1896,Email,0
1897,Ph,0
1898,Email,0
1899,Ph,0
1900,Ph,0
1901,Email,0
1902,Ph,0
1903,Email,0
1904,Email,0
1905,Email,0
1906,Email,0
1907,Email,0
1908,Email,0
1909,Email,0
1910,Email,0
1911,Email,0
1912,Email,0
1913,Ph,1
1914,Email,1
1915,Email,0
1916,Ph,0
1917,Email,0
1918,Email,0
1919,Ph,1
1920,Email,0
1921,Email,0
1922,Email,0
1923,Email,0
1924,Ph,0
1925,Ph,0
1926,Ph,0
1927,Email,0
1928,Email,0
1929,Email,0
1930,Email,0
1931,Email,0
1932,Email,0
1933,Ph,0
1934,Email,0
1935,Ph,0
1936,Ph,1
1937,Email,0
1938,Email,1
1939,Ph,0
1940,Ph,0
1941,Email,0
1942,Ph,0
1943,Email,0
1944,Email,0
1945,Email,0
1946,Email,0
1947,Email,0
1948,Ph,0
1949,Email,0
1950,Email,0
1951,Email,0
1952,Email,0
1953,Email,0
1954,Email,0
1955,Email,0
1956,Email,0
1957,Email,0
1958,Email,0
1959,Email,0
1960,Email,0
1961,Email,0
1962,Email,0
1963,Email,0
1964,Email,0
1965,Email,0
1966,Email,0
1967,Email,0
1968,Email,0
1969,Email,0
1970,Ph,0
1971,Email,0
1972,Ph,0
1973,Ph,0
1974,Email,0
1975,Email,0
1976,Email,0
1977,Email,0
1978,Ph,0
1979,Email,0
1980,Ph,0
1981,Email,0
1982,Ph,0
1983,Email,0
1984,Ph,0
1985,Email,0
1986,Email,0
1987,Email,0
1988,Ph,0
1989,Ph,0
1990,Ph,0
1991,Email,0
1992,Email,0
1993,Email,0
1994,Email,0
1995,Email,0
1996,Ph,0
1997,Email,0
1998,Email,0
1999,Ph,1
2000,Email,0
2001,Email,0
2002,Ph,1
2003,Ph,1
2004,Email,0
2005,Email,0
2006,Ph,1
2007,Ph,0
2008,Email,0
2009,Ph,0
2010,Email,0
2011,Email,0
2012,Ph,0
2013,Ph,0
2014,Email,0
2015,Email,1
2016,Email,0
2017,Email,0
2018,Ph,0
2019,Email,0
2020,Ph,0
2021,Ph,0
2022,Email,1
2023,Email,0
2024,Email,0
2025,Ph,1
2026,Ph,0
2027,Email,0
2028,Ph,0
2029,Email,0
2030,Ph,0
2031,Email,0
2032,Email,0
2033,Email,0
2034,Email,0
2035,Ph,0
2036,Email,0
2037,Ph,0
2038,Email,0
2039,Email,0
2040,Ph,0
2041,Email,0
2042,Ph,1
2043,Email,0
2044,Ph,0
2045,Email,0
2046,Email,0
2047,Ph,1
2048,Ph,1
2049,Email,0
2050,Email,0
2051,Email,0
2052,Email,0
2053,Email,0
2054,Email,0
2055,Email,0
2056,Email,0
2057,Email,0
2058,Ph,0
2059,Email,0
2060,Ph,0
2061,Email,0
2062,Ph,1
2063,Email,0
2064,Email,0
2065,Email,0
2066,Email,0
2067,Email,0
2068,Ph,0
2069,Email,0
2070,Email,0
2071,Email,0
2072,Ph,0
2073,Ph,0
2074,Email,0
2075,Email,0
2076,Ph,0
2077,Email,0
2078,Email,1
2079,Email,0
2080,Email,0
2081,Email,0
2082,Email,0
2083,Email,0
2084,Email,0
2085,Ph,0
2086,Email,0
2087,Email,0
2088,Ph,1
2089,Email,0
2090,Ph,0
2091,Email,0
2092,Email,0
2093,Email,0
2094,Email,0
2095,Ph,0
2096,Ph,1
2097,Ph,0
2098,Email,0
2099,Email,0
2100,Email,0
2101,Email,0
2102,Ph,1
2103,Email,0
2104,Email,0
2105,Email,0
2106,Email,0
2107,Email,0
2108,Email,0
2109,Email,0
2110,Ph,1
2111,Email,0
2112,Email,0
2113,Email,0
2114,Email,0
2115,Email,0
2116,Ph,0
2117,Email,0
2118,Email,0
2119,Email,0
2120,Ph,0
2121,Ph,0
2122,Email,0
2123,Email,0
2124,Email,0
2125,Email,0
2126,Email,0
2127,Email,0
2128,Ph,0
2129,Ph,0
2130,Email,0
2131,Email,0
2132,Email,0
2133,Email,0
2134,Ph,0
2135,Email,0
2136,Ph,0
2137,Ph,1
2138,Email,0
2139,Email,0
2140,Email,0
2141,Email,0
2142,Ph,0
2143,Email,0
2144,Email,0
2145,Ph,1
2146,Email,0
2147,Email,0
2148,Ph,0
2149,Email,0
2150,Email,0
2151,Email,0
2152,Ph,0
2153,Ph,0
2154,Email,0
2155,Email,0
2156,Ph,0
2157,Email,0
2158,Email,0
2159,Email,1
2160,Ph,1
2161,Ph,0
2162,Email,0
2163,Email,0
2164,Email,0
2165,Email,0
2166,Ph,0
2167,Email,0
2168,Email,0
2169,Email,0
2170,Email,0
2171,Email,0
2172,Email,0
2173,Ph,0
2174,Email,0
2175,Email,0
2176,Ph,0
2177,Email,0
2178,Email,0
2179,Ph,1
2180,Ph,0
2181,Email,0
2182,Ph,0
2183,Email,0
2184,Email,0
2185,Ph,1
2186,Ph,0
2187,Ph,0
2188,Email,0
2189,Email,0
2190,Email,0
2191,Email,0
2192,Email,0
2193,Email,0
2194,Email,0
2195,Ph,1
2196,Ph,0
2197,Email,1
2198,Ph,0
2199,Email,0
2200,Ph,0
2201,Ph,0
2202,Email,0
2203,Ph,0
2204,Email,0
2205,Email,0
2206,Ph,0
2207,Email,0
2208,Ph,1
2209,Ph,0
2210,Email,0
2211,Ph,0
2212,Ph,0
2213,Email,0
2214,Email,0
2215,Email,0
2216,Ph,1
2217,Email,0
2218,Email,1
2219,Email,0
2220,Email,0
2221,Ph,0
2222,Email,0
2223,Email,0
2224,Ph,0
2225,Email,0
2226,Email,0
2227,Email,0
2228,Email,0
2229,Email,0
2230,Ph,0
2231,Ph,1
2232,Email,0
2233,Ph,0
2234,Email,0
2235,Email,0
2236,Email,0
2237,Email,0
2238,Ph,0
2239,Email,0
2240,Email,0
2241,Email,0
2242,Email,0
2243,Email,0
2244,Email,0
2245,Ph,0
2246,Email,0
2247,Email,1
2248,Email,0
2249,Email,0
2250,Email,0
2251,Ph,0
2252,Email,0
2253,Email,0
2254,Email,0
2255,Email,0
2256,Ph,0
2257,Email,0
2258,Ph,0
2259,Email,0
2260,Ph,0
2261,Email,0
2262,Ph,1
2263,Ph,1
2264,Email,0
2265,Ph,0
2266,Ph,0
2267,Email,0
2268,Ph,1
2269,Ph,1
2270,Email,0
2271,Email,0
2272,Email,0
2273,Email,0
2274,Email,0
2275,Ph,0
2276,Email,0
2277,Ph,1
2278,Email,0
2279,Ph,0
2280,Email,0
2281,Ph,0
2282,Email,0
2283,Email,0
2284,Email,0
2285,Ph,0
2286,Email,1
2287,Ph,0
2288,Email,0
2289,Email,0
2290,Email,0
2291,Email,0
2292,Email,0
2293,Ph,1
2294,Email,0
2295,Email,0
2296,Email,0
2297,Email,0
2298,Email,0
2299,Email,0
2300,Ph,0
2301,Email,0
2302,Email,0
2303,Email,0
2304,Email,0
2305,Ph,1
2306,Email,0
2307,Email,0
2308,Ph,0
2309,Ph,0
2310,Email,0
2311,Ph,0
2312,Email,0
2313,Ph,0
2314,Ph,0
2315,Email,0
2316,Email,1
2317,Email,0
2318,Email,1
2319,Email,0
2320,Email,0
2321,Email,0
2322,Email,0
2323,Ph,0
2324,Ph,0
2325,Email,0
2326,Email,0
2327,Email,0
2328,Email,0
2329,Email,1
2330,Ph,0
2331,Email,0
2332,Ph,0
2333,Email,0
2334,Ph,0
2335,Ph,0
2336,Email,0
2337,Ph,0
2338,Ph,1
2339,Ph,0
2340,Email,0
2341,Email,0
2342,Email,0
2343,Ph,0
2344,Email,0
2345,Ph,0
2346,Ph,1
2347,Ph,0
2348,Email,0
2349,Ph,0
2350,Email,0
2351,Email,0
2352,Email,0
2353,Email,0
2354,Ph,0
2355,Email,0
2356,Ph,0
2357,Ph,1
2358,Email,0
2359,Ph,0
2360,Email,1
2361,Email,0
2362,Ph,1
2363,Email,0
2364,Email,0
2365,Ph,0
2366,Email,0
2367,Ph,0
2368,Email,0
2369,Email,0
2370,Email,0
2371,Email,0
2372,Email,0
2373,Ph,0
2374,Ph,1
2375,Email,0
2376,Email,0
2377,Email,0
2378,Email,0
2379,Email,0
2380,Email,0
2381,Email,0
2382,Email,0
2383,Ph,1
2384,Ph,0
2385,Email,0
2386,Ph,1
2387,Email,0
2388,Email,0
2389,Ph,0
2390,Email,0
2391,Email,0
2392,Email,1
2393,Email,0
2394,Email,0
2395,Email,0
2396,Ph,0
2397,Email,0
2398,Ph,0
2399,Email,0
2400,Email,0
2401,Ph,1
2402,Email,0
2403,Email,0
2404,Ph,1
2405,Ph,0
2406,Email,0
2407,Ph,0
2408,Ph,0
2409,Ph,0
2410,Ph,0
2411,Email,0
2412,Ph,0
2413,Email,0
2414,Email,0
2415,Ph,0
2416,Email,0
2417,Email,0
2418,Ph,0
2419,Email,0
2420,Email,0
2421,Email,0
2422,Email,0
2423,Email,0
2424,Ph,0
2425,Ph,0
2426,Email,0
2427,Ph,0
2428,Email,0
2429,Ph,1
2430,Email,0
2431,Ph,0
2432,Email,0
2433,Email,0
2434,Ph,1
2435,Ph,0
2436,Email,0
2437,Email,0
2438,Email,0
2439,Email,0
2440,Ph,0
2441,Ph,0
2442,Ph,0
2443,Ph,0
2444,Ph,1
2445,Email,0
2446,Ph,0
2447,Email,0
2448,Ph,0
2449,Email,0
2450,Email,0
2451,Email,0
2452,Ph,0
2453,Ph,0
2454,Ph,0
2455,Ph,0
2456,Email,1
2457,Email,0
2458,Email,0
2459,Email,0
2460,Email,0
2461,Email,0
2462,Email,0
2463,Email,0
2464,Ph,0
2465,Ph,0
2466,Email,0
2467,Email,0
2468,Email,0
2469,Ph,0
2470,Email,0
2471,Ph,0
2472,Email,0
2473,Ph,0
2474,Ph,0
2475,Ph,0
2476,Ph,0
2477,Ph,0
2478,Ph,1
2479,Ph,0
2480,Email,0
2481,Ph,0
2482,Email,0
2483,Email,0
2484,Email,0
2485,Email,0
2486,Email,0
2487,Email,0
2488,Ph,0
2489,Ph,0
2490,Email,0
2491,Ph,1
2492,Email,0
2493,Email,0
2494,Ph,0
2495,Email,0
2496,Email,0
2497,Email,0
2498,Email,0
2499,Ph,0
2500,Email,0
2501,Email,0
2502,Email,0
2503,Email,1
2504,Ph,0
2505,Email,0
2506,Email,0
2507,Email,0
2508,Email,0
2509,Email,0
2510,Ph,0
2511,Email,0
2512,Ph,1
2513,Ph,0
2514,Email,0
2515,Email,0
2516,Email,0
2517,Email,0
2518,Email,0
2519,Ph,0
2520,Ph,0
2521,Email,0
2522,Ph,0
2523,Email,0
2524,Email,0
2525,Email,0
2526,Ph,0
2527,Email,0
2528,Email,0
2529,Email,0
2530,Ph,0
2531,Email,0
2532,Email,0
2533,Email,0
2534,Ph,1
2535,Email,0
2536,Email,0
2537,Ph,1
2538,Email,0
2539,Email,0
2540,Ph,1
2541,Ph,0
2542,Email,1
2543,Ph,0
2544,Email,0
2545,Ph,1
2546,Ph,0
2547,Email,0
2548,Email,0
2549,Email,0
2550,Ph,0
2551,Email,0
2552,Email,0
2553,Email,0
2554,Email,0
2555,Email,0
2556,Email,0
2557,Email,0
2558,Email,0
2559,Ph,0
2560,Ph,0
2561,Email,0
2562,Email,1
2563,Email,0
2564,Email,0
2565,Email,0
2566,Email,0
2567,Ph,0
2568,Ph,0
2569,Ph,0
2570,Email,0
2571,Ph,0
2572,Email,0
2573,Email,0
2574,Email,0
2575,Email,0
2576,Email,0
2577,Email,0
2578,Email,0
2579,Email,0
2580,Email,0
2581,Ph,0
2582,Ph,0
2583,Email,0
2584,Email,0
2585,Email,1
2586,Email,0
2587,Ph,1
2588,Email,0
2589,Email,0
2590,Ph,0
2591,Ph,1
2592,Ph,0
2593,Email,0
2594,Ph,1
2595,Ph,0
2596,Email,0
2597,Email,0
2598,Ph,0
2599,Email,0
2600,Email,0
2601,Email,0
2602,Ph,0
2603,Email,1
2604,Email,0
2605,Email,0
2606,Ph,0
2607,Email,0
2608,Email,0
2609,Email,0
2610,Email,0
2611,Email,0
2612,Ph,0
2613,Email,0
2614,Ph,1
2615,Email,1
2616,Email,0
2617,Email,0
2618,Email,0
2619,Email,0
2620,Ph,0
2621,Email,0
2622,Email,0
2623,Email,0
2624,Ph,1
2625,Email,0
2626,Ph,0
2627,Email,0
2628,Email,0
2629,Ph,0
2630,Ph,0
2631,Email,0
2632,Email,0
2633,Email,0
2634,Email,0
2635,Ph,0
2636,Email,0
2637,Email,0
2638,Ph,0
2639,Email,0
2640,Ph,0
2641,Email,0
2642,Ph,0
2643,Email,0
2644,Email,0
2645,Email,0
2646,Email,0
2647,Email,1
2648,Email,0
2649,Email,0
2650,Email,0
2651,Email,0
2652,Email,0
2653,Email,0
2654,Ph,0
2655,Ph,0
2656,Email,0
2657,Email,0
2658,Email,0
2659,Email,0
2660,Email,0
2661,Ph,0
2662,Email,0
2663,Email,0
2664,Email,0
2665,Ph,1
2666,Email,0
2667,Email,0
2668,Email,0
2669,Ph,0
2670,Ph,0
2671,Email,0
2672,Email,0
2673,Ph,1
2674,Email,0
2675,Email,0
2676,Email,0
2677,Email,0
2678,Email,0
2679,Email,1
2680,Ph,0
2681,Ph,0
2682,Email,0
2683,Email,0
2684,Email,0
2685,Email,0
2686,Ph,0
2687,Email,0
2688,Ph,0
2689,Email,0
2690,Ph,0
2691,Email,0
2692,Ph,1
2693,Email,0
2694,Ph,0
2695,Email,0
2696,Email,0
2697,Ph,0
2698,Email,0
2699,Email,0
2700,Email,0
2701,Email,0
2702,Ph,0
2703,Email,0
2704,Email,0
2705,Ph,0
2706,Email,0
2707,Email,0
2708,Ph,1
2709,Email,0
2710,Email,0
2711,Email,0
2712,Email,0
2713,Email,0
2714,Ph,0
2715,Email,1
2716,Email,0
2717,Email,0
2718,Email,0
2719,Email,0
2720,Email,0
2721,Email,0
2722,Email,1
2723,Email,0
2724,Email,0
2725,Ph,0
2726,Ph,0
2727,Email,0
2728,Ph,0
2729,Ph,0
2730,Ph,0
2731,Email,0
2732,Email,0
2733,Ph,0
2734,Email,0
2735,Email,0
2736,Email,0
2737,Email,0
2738,Email,0
2739,Email,0
2740,Email,0
2741,Email,0
2742,Email,0
2743,Ph,0
2744,Email,0
2745,Email,0
2746,Email,0
2747,Ph,0
2748,Email,0
2749,Ph,0
2750,Email,0
2751,Ph,0
2752,Ph,0
2753,Ph,0
2754,Ph,1
2755,Ph,0
2756,Email,0
2757,Email,0
2758,Email,0
2759,Email,0
2760,Email,0
2761,Email,0
2762,Email,0
2763,Email,0
2764,Ph,0
2765,Email,0
2766,Ph,0
2767,Email,0
2768,Email,0
2769,Email,0
2770,Email,1
2771,Email,0
2772,Email,0
2773,Ph,1
2774,Ph,1
2775,Email,0
2776,Ph,0
2777,Email,0
2778,Ph,0
2779,Ph,0
2780,Email,1
2781,Email,0
2782,Email,0
2783,Email,0
2784,Email,0
2785,Ph,1
2786,Email,0
2787,Email,0
2788,Email,0
2789,Email,0
2790,Email,0
2791,Email,0
2792,Email,0
2793,Ph,0
2794,Ph,0
2795,Ph,0
2796,Email,0
2797,Email,0
2798,Ph,0
2799,Email,0
2800,Email,0
2801,Email,0
2802,Email,0
2803,Ph,1
2804,Email,0
2805,Email,0
2806,Ph,1
2807,Ph,0
2808,Ph,0
2809,Email,0
2810,Email,1
2811,Email,0
2812,Email,0
2813,Ph,1
2814,Email,0
2815,Email,0
2816,Email,0
2817,Email,0
2818,Email,0
2819,Email,0
2820,Ph,0
2821,Email,0
2822,Ph,0
2823,Email,0
2824,Email,0
2825,Email,0
2826,Ph,0
2827,Email,0
2828,Email,0
2829,Email,0
2830,Email,0
2831,Email,0
2832,Email,0
2833,Ph,1
2834,Email,0
2835,Email,0
2836,Email,0
2837,Email,0
2838,Email,0
2839,Ph,1
2840,Email,0
2841,Email,0
2842,Ph,1
2843,Email,0
2844,Ph,0
2845,Email,0
2846,Email,0
2847,Email,0
2848,Email,0
2849,Email,0
2850,Email,0
2851,Email,0
2852,Email,0
2853,Email,0
2854,Email,0
2855,Email,0
2856,Ph,0
2857,Ph,1
2858,Ph,1
2859,Email,0
2860,Ph,1
2861,Email,0
2862,Email,0
2863,Email,0
2864,Email,0
2865,Ph,0
2866,Email,0
2867,Email,0
2868,Email,0
2869,Email,0
2870,Email,0
2871,Ph,0
2872,Email,0
2873,Email,0
2874,Email,0
2875,Ph,1
2876,Ph,0
2877,Email,0
2878,Email,0
2879,Ph,1
2880,Email,0
2881,Ph,0
2882,Email,0
2883,Ph,0
2884,Email,0
2885,Email,0
2886,Ph,1
2887,Email,0
2888,Ph,0
2889,Ph,0
2890,Email,0
2891,Ph,0
2892,Email,0
2893,Email,0
2894,Ph,0
2895,Email,0
2896,Email,0
2897,Email,0
2898,Email,0
2899,Ph,1
2900,Email,0
2901,Email,0
2902,Ph,0
2903,Ph,0
2904,Email,0
2905,Ph,1
2906,Ph,0
2907,Ph,0
2908,Email,0
2909,Email,0
2910,Ph,0
2911,Ph,1
2912,Email,0
2913,Ph,1
2914,Email,0
2915,Email,0
2916,Email,0
2917,Email,0
2918,Email,0
2919,Email,0
2920,Ph,0
2921,Email,0
2922,Email,0
2923,Email,0
2924,Email,0
2925,Email,0
2926,Email,0
2927,Email,0
2928,Email,0
2929,Email,0
2930,Email,0
2931,Email,0
2932,Ph,0
2933,Email,0
2934,Email,0
2935,Email,0
2936,Email,0
2937,Email,0
2938,Email,0
2939,Ph,0
2940,Ph,0
2941,Email,0
2942,Email,0
2943,Ph,0
2944,Ph,0
2945,Ph,0
2946,Email,0
2947,Ph,0
2948,Ph,0
2949,Email,0
2950,Email,0
2951,Email,0
2952,Ph,1
2953,Email,0
2954,Email,0
2955,Email,0
2956,Ph,0
2957,Ph,1
2958,Email,0
2959,Email,0
2960,Email,0
2961,Email,0
2962,Email,0
2963,Email,0
2964,Ph,0
2965,Email,0
2966,Email,0
2967,Email,0
2968,Email,0
2969,Ph,1
2970,Email,0
2971,Ph,1
2972,Ph,0
2973,Email,0
2974,Ph,0
2975,Email,0
2976,Email,0
2977,Email,0
2978,Email,0
2979,Ph,0
2980,Ph,0
2981,Email,0
2982,Email,0
2983,Email,0
2984,Email,0
2985,Email,0
2986,Email,0
2987,Ph,1
2988,Email,0
2989,Email,0
2990,Ph,0
2991,Email,0
2992,Email,0
2993,Ph,0
2994,Email,0
2995,Email,0
2996,Ph,0
2997,Email,1
2998,Email,0
2999,Email,0
3000,Ph,0
3001,Ph,1
3002,Email,0
3003,Ph,0
3004,Email,0
3005,Email,0
3006,Email,1
3007,Ph,1
3008,Email,0
3009,Email,0
3010,Email,0
3011,Email,0
3012,Email,0
3013,Email,0
3014,Ph,0
3015,Email,0
3016,Email,0
3017,Email,0
3018,Email,0
3019,Ph,0
3020,Email,0
3021,Email,0
3022,Email,0
3023,Email,0
3024,Ph,0
3025,Email,0
3026,Email,0
3027,Ph,0
3028,Ph,0
3029,Ph,0
3030,Ph,0
3031,Ph,0
3032,Ph,0
3033,Ph,0
3034,Ph,1
3035,Email,0
3036,Email,0
3037,Email,0
3038,Ph,1
3039,Email,0
3040,Ph,1
3041,Email,0
3042,Ph,0
3043,Ph,0
3044,Ph,0
3045,Ph,0
3046,Email,0
3047,Ph,0
3048,Ph,0
3049,Email,0
3050,Email,0
3051,Email,0
3052,Ph,0
3053,Email,0
3054,Email,0
3055,Email,1
3056,Email,0
3057,Ph,0
3058,Email,0
3059,Email,0
3060,Ph,0
3061,Ph,1
3062,Email,0
3063,Ph,0
3064,Email,0
3065,Ph,0
3066,Ph,0
3067,Ph,0
3068,Ph,0
3069,Email,0
3070,Email,0
3071,Email,0
3072,Email,0
3073,Email,0
3074,Email,0
3075,Email,0
3076,Ph,0
3077,Email,0
3078,Ph,0
3079,Email,0
3080,Email,0
3081,Email,0
3082,Email,0
3083,Email,0
3084,Email,0
3085,Ph,1
3086,Email,0
3087,Email,0
3088,Email,0
3089,Email,0
3090,Ph,0
3091,Email,0
3092,Email,0
3093,Ph,0
3094,Ph,0
3095,Email,0
3096,Email,0
3097,Ph,1
3098,Email,0
3099,Ph,0
3100,Ph,0
3101,Email,0
3102,Email,0
3103,Email,0
3104,Ph,0
3105,Email,0
3106,Email,0
3107,Email,0
3108,Email,0
3109,Email,0
3110,Email,0
3111,Email,0
3112,Email,0
3113,Ph,0
3114,Email,0
3115,Email,0
3116,Ph,0
3117,Email,0
3118,Email,0
3119,Email,0
3120,Ph,0
3121,Email,0
3122,Ph,0
3123,Email,0
3124,Email,0
3125,Email,0
3126,Email,0
3127,Email,0
3128,Email,0
3129,Ph,0
3130,Email,0
3131,Email,0
3132,Email,0
3133,Email,0
3134,Ph,0
3135,Email,0
3136,Ph,0
3137,Ph,0
3138,Ph,0
3139,Ph,0
3140,Email,0
3141,Email,0
3142,Ph,1
3143,Ph,1
3144,Email,0
3145,Email,0
3146,Ph,1
3147,Ph,0
3148,Email,0
3149,Email,0
3150,Email,0
3151,Ph,1
3152,Email,0
3153,Ph,0
3154,Email,0
3155,Ph,1
3156,Ph,0
3157,Email,0
3158,Ph,0
3159,Email,0
3160,Email,0
3161,Ph,1
3162,Email,0
3163,Email,0
3164,Email,0
3165,Email,0
3166,Email,0
3167,Ph,0
3168,Ph,0
3169,Email,0
3170,Email,0
3171,Email,0
3172,Email,0
3173,Email,0
3174,Email,0
3175,Ph,0
3176,Email,0
3177,Email,0
3178,Email,0
3179,Email,0
3180,Email,0
3181,Email,0
3182,Email,0
3183,Email,0
3184,Ph,0
3185,Email,0
3186,Ph,0
3187,Email,0
3188,Email,0
3189,Email,0
3190,Email,0
3191,Email,0
3192,Ph,0
3193,Email,0
3194,Email,0
3195,Email,0
3196,Email,0
3197,Email,0
3198,Email,0
3199,Email,0
3200,Email,0
3201,Ph,0
3202,Email,0
3203,Email,0
3204,Ph,0
3205,Email,0
3206,Email,0
3207,Ph,0
3208,Ph,0
3209,Ph,0
3210,Ph,1
3211,Email,0
3212,Email,0
3213,Email,0
3214,Email,0
3215,Email,0
3216,Ph,0
3217,Ph,0
3218,Ph,1
3219,Ph,0
3220,Ph,0
3221,Email,0
3222,Ph,0
3223,Email,0
3224,Email,0
3225,Ph,0
3226,Email,0
3227,Email,0
3228,Ph,0
3229,Ph,0
3230,Email,0
3231,Email,0
3232,Email,0
3233,Email,0
3234,Ph,0
3235,Email,0
3236,Ph,0
3237,Email,0
3238,Ph,0
3239,Email,0
3240,Ph,0
3241,Email,0
3242,Ph,0
3243,Email,0
3244,Email,0
3245,Ph,0
3246,Email,0
3247,Email,0
3248,Email,0
3249,Email,0
3250,Ph,0
3251,Ph,0
3252,Email,0
3253,Ph,0
3254,Email,0
3255,Ph,0
3256,Ph,0
3257,Email,0
3258,Email,0
3259,Email,0
3260,Ph,0
3261,Ph,0
3262,Ph,0
3263,Email,0
3264,Email,0
3265,Ph,0
3266,Ph,0
3267,Email,0
3268,Email,0
3269,Ph,1
3270,Ph,0
3271,Ph,1
3272,Ph,1
3273,Email,0
3274,Email,0
3275,Ph,0
3276,Ph,0
3277,Ph,1
3278,Ph,0
3279,Ph,0
3280,Ph,0
3281,Email,0
3282,Ph,0
3283,Email,0
3284,Email,0
3285,Email,0
3286,Email,0
3287,Email,0
3288,Ph,0
3289,Ph,1
3290,Email,0
3291,Email,0
3292,Ph,0
3293,Email,0
3294,Email,0
3295,Email,0
3296,Ph,1
3297,Ph,1
3298,Email,0
3299,Email,0
3300,Ph,0
3301,Email,0
3302,Email,0
3303,Email,0
3304,Ph,0
3305,Email,0
3306,Email,0
3307,Email,0
3308,Email,0
3309,Email,0
3310,Email,0
3311,Ph,0
3312,Ph,0
3313,Ph,0
3314,Email,0
3315,Ph,0
3316,Email,0
3317,Email,0
3318,Email,0
3319,Ph,1
3320,Ph,1
3321,Email,0
3322,Ph,0
3323,Email,0
3324,Ph,0
3325,Email,0
3326,Email,0
3327,Email,1
3328,Email,1
3329,Email,0
3330,Ph,0
3331,Email,0
3332,Ph,0
3333,Ph,0
3334,Ph,0
3335,Email,0
3336,Ph,0
3337,Email,0
3338,Ph,0
3339,Email,0
3340,Email,1
3341,Email,0
3342,Email,0
3343,Email,0
3344,Ph,1
3345,Ph,0
3346,Email,0
3347,Email,0
3348,Email,0
3349,Email,0
3350,Email,0
3351,Ph,0
3352,Email,0
3353,Ph,0
3354,Email,0
3355,Email,0
3356,Email,0
3357,Ph,1
3358,Email,0
3359,Email,0
3360,Email,0
3361,Email,0
3362,Ph,0
3363,Email,0
3364,Email,0
3365,Email,0
3366,Email,0
3367,Email,0
3368,Email,0
3369,Ph,1
3370,Ph,0
3371,Email,0
3372,Email,0
3373,Email,0
3374,Ph,1
3375,Email,0
3376,Ph,0
3377,Ph,0
3378,Email,0
3379,Email,0
3380,Email,0
3381,Email,0
3382,Ph,0
3383,Ph,0
3384,Email,1
3385,Ph,0
3386,Email,0
3387,Email,1
3388,Email,0
3389,Ph,0
3390,Email,0
3391,Ph,0
3392,Email,0
3393,Ph,0
3394,Ph,0
3395,Email,0
3396,Ph,0
3397,Ph,0
3398,Email,0
3399,Email,0
3400,Email,0
3401,Email,0
3402,Ph,0
3403,Ph,0
3404,Ph,1
3405,Email,0
3406,Email,0
3407,Ph,0
3408,Email,0
3409,Email,0
3410,Email,0
3411,Ph,0
3412,Email,0
3413,Email,0
3414,Email,0
3415,Email,0
3416,Ph,0
3417,Email,0
3418,Email,0
3419,Email,0
3420,Email,0
3421,Email,0
3422,Email,0
3423,Email,0
3424,Email,0
3425,Email,0
3426,Email,0
3427,Email,0
3428,Email,0
3429,Email,0
3430,Ph,0
3431,Email,0
3432,Email,0
3433,Email,0
3434,Email,0
3435,Email,0
3436,Email,0
3437,Email,0
3438,Ph,0
3439,Email,0
3440,Ph,0
3441,Email,0
3442,Ph,0
3443,Email,0
3444,Ph,0
3445,Email,0
3446,Email,0
3447,Ph,0
3448,Email,0
3449,Ph,0
3450,Ph,1
3451,Email,0
3452,Email,0
3453,Email,0
3454,Email,0
3455,Ph,0
3456,Ph,0
3457,Ph,1
3458,Ph,0
3459,Email,0
3460,Email,0
3461,Ph,0
3462,Email,0
3463,Email,0
3464,Email,0
3465,Ph,1
3466,Email,0
3467,Ph,0
3468,Ph,1
3469,Email,0
3470,Ph,0
3471,Email,0
3472,Ph,0
3473,Ph,1
3474,Email,0
3475,Email,0
3476,Email,0
3477,Email,0
3478,Ph,0
3479,Ph,1
3480,Email,0
3481,Email,0
3482,Ph,0
3483,Email,0
3484,Ph,0
3485,Ph,0
3486,Email,0
3487,Ph,0
3488,Ph,0
3489,Email,0
3490,Ph,1
3491,Email,0
3492,Email,0
3493,Email,0
3494,Email,0
3495,Email,0
3496,Ph,0
3497,Email,0
3498,Ph,0
3499,Ph,1
3500,Email,0
3501,Email,0
3502,Email,0
3503,Email,0
3504,Ph,0
3505,Ph,0
3506,Email,0
3507,Ph,0
3508,Email,0
3509,Ph,1
3510,Email,0
3511,Ph,0
3512,Ph,0
3513,Email,0
3514,Email,0
3515,Email,0
3516,Ph,0
3517,Email,0
3518,Email,1
3519,Email,0
3520,Ph,0
3521,Email,0
3522,Email,0
3523,Email,0
3524,Email,0
3525,Ph,0
3526,Email,0
3527,Email,0
3528,Email,0
3529,Email,0
3530,Email,0
3531,Email,0
3532,Email,0
3533,Email,0
3534,Ph,0
3535,Email,0
3536,Email,0
3537,Email,0
3538,Email,0
3539,Email,0
3540,Email,0
3541,Email,0
3542,Ph,1
3543,Ph,1
3544,Email,0
3545,Email,0
3546,Ph,0
3547,Email,0
3548,Email,0
3549,Ph,0
3550,Email,0
3551,Email,0
3552,Ph,0
3553,Email,0
3554,Email,0
3555,Email,0
3556,Ph,0
3557,Ph,0
3558,Ph,0
3559,Email,0
3560,Ph,0
3561,Ph,0
3562,Email,0
3563,Email,1
3564,Ph,1
3565,Email,0
3566,Email,0
3567,Email,0
3568,Ph,0
3569,Email,0
3570,Email,0
3571,Email,0
3572,Email,1
3573,Email,0
3574,Ph,1
3575,Ph,0
3576,Ph,0
3577,Email,0
3578,Ph,0
3579,Ph,1
3580,Email,0
3581,Ph,0
3582,Email,0
3583,Ph,0
3584,Email,0
3585,Ph,0
3586,Email,0
3587,Email,0
3588,Ph,0
3589,Ph,0
3590,Email,0
3591,Ph,0
3592,Email,0
3593,Email,0
3594,Email,0
3595,Ph,0
3596,Ph,0
3597,Email,0
3598,Email,0
3599,Email,0
3600,Ph,0
3601,Email,0
3602,Email,0
3603,Email,0
3604,Email,0
3605,Email,0
3606,Ph,1
3607,Email,0
3608,Email,0
3609,Email,0
3610,Email,0
3611,Ph,0
3612,Email,0
3613,Email,1
3614,Ph,1
3615,Ph,1
3616,Ph,0
3617,Email,0
3618,Email,0
3619,Email,0
3620,Email,0
3621,Email,0
3622,Email,0
3623,Email,0
3624,Ph,0
3625,Ph,0
3626,Ph,0
3627,Email,0
3628,Ph,0
3629,Email,0
3630,Ph,0
3631,Email,0
3632,Ph,0
3633,Email,0
3634,Ph,0
3635,Ph,0
3636,Email,0
3637,Email,0
3638,Email,0
3639,Ph,0
3640,Email,0
3641,Email,0
3642,Email,0
3643,Ph,0
3644,Email,0
3645,Email,0
3646,Email,0
3647,Ph,1
3648,Email,0
3649,Email,0
3650,Email,0
3651,Ph,0
3652,Ph,1
3653,Ph,0
3654,Email,0
3655,Ph,0
3656,Email,0
3657,Email,0
3658,Ph,0
3659,Email,0
3660,Email,0
3661,Email,0
3662,Ph,1
3663,Email,0
3664,Email,0
3665,Ph,0
3666,Email,0
3667,Email,0
3668,Ph,0
3669,Ph,1
3670,Email,0
3671,Ph,0
3672,Email,0
3673,Email,0
3674,Ph,0
3675,Email,0
3676,Email,0
3677,Email,0
3678,Ph,0
3679,Email,0
3680,Email,0
3681,Email,0
3682,Ph,0
3683,Email,0
3684,Email,0
3685,Email,0
3686,Email,0
3687,Email,0
3688,Email,0
3689,Email,0
3690,Email,0
3691,Email,0
3692,Ph,0
3693,Email,0
3694,Ph,0
3695,Ph,0
3696,Email,0
3697,Ph,0
3698,Email,0
3699,Email,0
3700,Email,0
3701,Email,0
3702,Ph,0
3703,Email,1
3704,Ph,0
3705,Ph,1
3706,Email,0
3707,Email,0
3708,Ph,0
3709,Email,0
3710,Email,0
3711,Email,0
3712,Ph,0
3713,Email,0
3714,Ph,0
3715,Email,0
3716,Ph,0
3717,Email,0
3718,Email,0
3719,Email,0
3720,Email,0
3721,Ph,1
3722,Email,0
3723,Email,0
3724,Email,0
3725,Email,0
3726,Email,0
3727,Email,0
3728,Email,0
3729,Ph,1
3730,Email,0
3731,Ph,0
3732,Email,0
3733,Email,0
3734,Email,0
3735,Email,0
3736,Email,0
3737,Email,0
3738,Email,0
3739,Email,0
3740,Email,0
3741,Email,0
3742,Email,0
3743,Email,0
3744,Email,0
3745,Email,0
3746,Email,0
3747,Email,0
3748,Ph,1
3749,Email,0
3750,Email,0
3751,Ph,0
3752,Ph,0
3753,Email,0
3754,Email,0
3755,Email,0
3756,Ph,0
3757,Ph,0
3758,Ph,1
3759,Ph,0
3760,Email,0
3761,Ph,0
3762,Email,0
3763,Email,0
3764,Email,0
3765,Email,0
3766,Ph,0
3767,Ph,1
3768,Email,0
3769,Email,0
3770,Email,0
3771,Ph,0
3772,Email,0
3773,Ph,0
3774,Ph,0
3775,Email,0
3776,Email,0
3777,Ph,1
3778,Email,0
3779,Email,0
3780,Email,0
3781,Email,0
3782,Email,0
3783,Email,0
3784,Ph,0
3785,Email,1
3786,Email,0
3787,Ph,0
3788,Email,0
3789,Email,0
3790,Ph,0
3791,Email,0
3792,Email,0
3793,Ph,0
3794,Email,0
3795,Email,0
3796,Email,0
3797,Email,0
3798,Ph,0
3799,Ph,0
3800,Email,0
3801,Email,0
3802,Email,0
3803,Ph,0
3804,Email,0
3805,Email,0
3806,Ph,0
3807,Email,0
3808,Ph,0
3809,Email,0
3810,Ph,0
3811,Email,0
3812,Email,0
3813,Ph,0
3814,Email,0
3815,Email,0
3816,Email,0
3817,Email,0
3818,Email,0
3819,Email,0
3820,Email,0
3821,Email,0
3822,Email,1
3823,Ph,1
3824,Ph,0
3825,Email,0
3826,Email,0
3827,Email,0
3828,Email,0
3829,Ph,0
3830,Email,0
3831,Email,0
3832,Email,0
3833,Ph,0
3834,Email,0
3835,Email,0
3836,Ph,1
3837,Email,0
3838,Email,0
3839,Email,0
3840,Email,0
3841,Email,0
3842,Email,0
3843,Email,0
3844,Ph,1
3845,Email,0
3846,Email,0
3847,Email,0
3848,Email,0
3849,Email,0
3850,Email,0
3851,Email,0
3852,Email,0
3853,Email,0
3854,Ph,0
3855,Email,0
3856,Email,0
3857,Email,0
3858,Ph,0
3859,Email,1
3860,Ph,0
3861,Email,0
3862,Email,0
3863,Email,0
3864,Email,0
3865,Ph,1
3866,Email,0
3867,Email,0
3868,Email,0
3869,Ph,0
3870,Email,0
3871,Email,0
3872,Email,0
3873,Email,0
3874,Email,0
3875,Ph,0
3876,Ph,0
3877,Email,0
3878,Email,0
3879,Ph,0
3880,Ph,0
3881,Email,0
3882,Email,0
3883,Ph,0
3884,Email,0
3885,Ph,0
3886,Ph,0
3887,Email,0
3888,Email,0
3889,Email,0
3890,Email,0
3891,Ph,1
3892,Email,0
3893,Email,0
3894,Email,0
3895,Email,0
3896,Email,0
3897,Email,0
3898,Email,0
3899,Email,0
3900,Email,0
3901,Email,0
3902,Ph,0
3903,Email,0
3904,Email,0
3905,Email,0
3906,Ph,0
3907,Email,0
3908,Email,0
3909,Email,0
3910,Ph,0
3911,Ph,0
3912,Email,0
3913,Email,0
3914,Ph,0
3915,Email,0
3916,Email,0
3917,Ph,0
3918,Email,0
3919,Email,0
3920,Ph,1
3921,Email,0
3922,Email,0
3923,Email,0
3924,Email,0
3925,Email,0
3926,Email,0
3927,Ph,0
3928,Email,0
3929,Email,0
3930,Email,0
3931,Ph,0
3932,Email,0
3933,Email,0
3934,Email,0
3935,Email,0
3936,Ph,0
3937,Email,0
3938,Ph,0
3939,Ph,0
3940,Email,0
3941,Ph,0
3942,Email,0
3943,Email,0
3944,Ph,1
3945,Ph,0
3946,Ph,1
3947,Email,0
3948,Ph,1
3949,Ph,1
3950,Ph,0
3951,Email,0
3952,Email,0
3953,Email,0
3954,Email,0
3955,Email,0
3956,Email,0
3957,Email,0
3958,Ph,0
3959,Email,0
3960,Ph,1
3961,Email,0
3962,Email,0
3963,Email,0
3964,Email,0
3965,Email,0
3966,Email,0
3967,Email,0
3968,Email,0
3969,Ph,0
3970,Ph,0
3971,Email,0
3972,Ph,0
3973,Email,0
3974,Email,0
3975,Ph,0
3976,Email,0
3977,Email,0
3978,Email,0
3979,Email,0
3980,Email,0
3981,Ph,0
3982,Email,0
3983,Email,0
3984,Ph,1
3985,Email,0
3986,Ph,0
3987,Email,1
3988,Email,0
3989,Ph,1
3990,Email,0
3991,Email,0
3992,Email,0
3993,Ph,1
3994,Ph,0
3995,Ph,0
3996,Ph,0
3997,Email,0
3998,Email,0
3999,Email,0
4000,Email,0
4001,Ph,1
4002,Email,0
4003,Ph,0
4004,Ph,0
4005,Email,0
4006,Email,0
4007,Email,0
4008,Email,0
4009,Email,1
4010,Email,0
4011,Ph,0
4012,Email,0
4013,Email,0
4014,Ph,0
4015,Email,0
4016,Email,0
4017,Ph,1
4018,Email,0
4019,Email,0
4020,Email,0
4021,Ph,1
4022,Email,0
4023,Email,0
4024,Ph,1
4025,Email,0
4026,Email,0
4027,Ph,1
4028,Ph,0
4029,Ph,0
4030,Ph,0
4031,Ph,0
4032,Email,0
4033,Ph,0
4034,Email,0
4035,Email,0
4036,Ph,1
4037,Email,0
4038,Ph,0
4039,Email,0
4040,Email,0
4041,Email,0
4042,Email,0
4043,Ph,0
4044,Email,0
4045,Email,0
4046,Email,0
4047,Ph,0
4048,Ph,0
4049,Email,0
4050,Ph,0
4051,Email,0
4052,Email,0
4053,Email,0
4054,Ph,0
4055,Ph,0
4056,Email,0
4057,Email,0
4058,Email,0
4059,Ph,0
4060,Email,0
4061,Email,0
4062,Ph,0
4063,Email,0
4064,Ph,0
4065,Email,0
4066,Ph,0
4067,Email,0
4068,Email,0
4069,Email,0
4070,Email,0
4071,Email,0
4072,Email,0
4073,Email,0
4074,Email,0
4075,Email,0
4076,Ph,0
4077,Ph,0
4078,Ph,0
4079,Email,0
4080,Email,0
4081,Email,0
4082,Ph,1
4083,Email,0
4084,Ph,0
4085,Email,0
4086,Email,0
4087,Ph,0
4088,Ph,1
4089,Email,0
4090,Email,0
4091,Email,0
4092,Ph,0
4093,Email,0
4094,Ph,1
4095,Ph,0
4096,Email,0
4097,Email,0
4098,Ph,0
4099,Ph,0
4100,Ph,0
4101,Email,0
4102,Email,0
4103,Email,0
4104,Email,0
4105,Ph,0
4106,Email,0
4107,Ph,0
4108,Email,0
4109,Email,0
4110,Ph,0
4111,Email,0
4112,Ph,0
4113,Email,0
4114,Email,0
4115,Ph,0
4116,Ph,0
4117,Ph,0
4118,Email,0
4119,Email,0
4120,Ph,0
4121,Ph,0
4122,Email,0
4123,Email,0
4124,Email,0
4125,Ph,1
4126,Ph,0
4127,Email,0
4128,Ph,0
4129,Email,0
4130,Email,0
4131,Email,0
4132,Email,0
4133,Email,0
4134,Email,0
4135,Ph,0
4136,Email,0
4137,Email,0
4138,Email,0
4139,Email,0
4140,Email,0
4141,Email,0
4142,Email,0
4143,Email,0
4144,Email,0
4145,Ph,0
4146,Ph,0
4147,Ph,0
4148,Ph,1
4149,Email,0
4150,Email,0
4151,Email,0
4152,Email,1
4153,Ph,0
4154,Email,0
4155,Ph,1
4156,Email,0
4157,Email,0
4158,Email,0
4159,Ph,0
4160,Ph,0
4161,Email,0
4162,Email,0
4163,Email,0
4164,Ph,1
4165,Email,0
4166,Email,1
4167,Ph,0
4168,Ph,1
4169,Ph,1
4170,Email,1
4171,Email,0
4172,Email,0
4173,Email,0
4174,Ph,0
4175,Email,0
4176,Ph,1
4177,Email,0
4178,Email,0
4179,Email,0
4180,Email,1
4181,Email,0
4182,Email,0
4183,Email,0
4184,Email,0
4185,Email,0
4186,Email,0
4187,Email,0
4188,Email,0
4189,Ph,0
4190,Email,0
4191,Ph,1
4192,Ph,0
4193,Ph,0
4194,Email,0
4195,Email,0
4196,Email,0
4197,Email,0
4198,Email,0
4199,Ph,0
4200,Email,0
4201,Email,0
4202,Email,0
4203,Email,0
4204,Email,0
4205,Email,0
4206,Email,0
4207,Email,0
4208,Email,0
4209,Email,0
4210,Email,0
4211,Email,0
4212,Email,0
4213,Ph,0
4214,Email,0
4215,Email,0
4216,Email,0
4217,Ph,1
4218,Email,0
4219,Email,0
4220,Email,0
4221,Email,0
4222,Email,0
4223,Email,0
4224,Ph,0
4225,Email,0
4226,Email,0
4227,Email,0
4228,Email,0
4229,Ph,0
4230,Email,0
4231,Email,0
4232,Email,0
4233,Email,0
4234,Email,0
4235,Email,0
4236,Email,0
4237,Email,0
4238,Email,0
4239,Ph,0
4240,Email,0
4241,Ph,0
4242,Email,0
4243,Ph,0
4244,Ph,0
4245,Ph,0
4246,Email,0
4247,Ph,0
4248,Email,0
4249,Email,0
4250,Email,0
4251,Email,0
4252,Ph,0
4253,Email,0
4254,Email,0
4255,Email,0
4256,Email,0
4257,Email,0
4258,Email,0
4259,Ph,1
4260,Ph,1
4261,Ph,0
4262,Email,0
4263,Ph,0
4264,Email,0
4265,Email,0
4266,Email,0
4267,Ph,0
4268,Ph,1
4269,Email,0
4270,Email,0
4271,Email,0
4272,Ph,0
4273,Ph,0
4274,Email,0
4275,Email,0
4276,Email,0
4277,Email,0
4278,Email,0
4279,Ph,0
4280,Ph,0
4281,Email,0
4282,Ph,0
4283,Ph,1
4284,Ph,0
4285,Ph,0
4286,Email,0
4287,Email,0
4288,Email,0
4289,Ph,0
4290,Email,0
4291,Email,0
4292,Ph,0
4293,Ph,1
4294,Email,0
4295,Ph,0
4296,Ph,0
4297,Email,0
4298,Email,0
4299,Ph,0
4300,Email,0
4301,Email,0
4302,Ph,1
4303,Ph,1
4304,Ph,0
4305,Email,0
4306,Ph,0
4307,Email,0
4308,Ph,1
4309,Ph,1
4310,Ph,1
4311,Email,1
4312,Email,0
4313,Ph,0
4314,Email,0
4315,Email,0
4316,Email,0
4317,Email,0
4318,Ph,0
4319,Ph,0
4320,Ph,0
4321,Ph,0
4322,Email,0
4323,Ph,0
4324,Ph,0
4325,Ph,0
4326,Email,0
4327,Email,0
4328,Email,0
4329,Ph,1
4330,Ph,0
4331,Email,0
4332,Email,0
4333,Ph,0
4334,Ph,0
4335,Email,0
4336,Email,0
4337,Email,0
4338,Email,1
4339,Email,0
4340,Email,0
4341,Ph,0
4342,Email,0
4343,Email,0
4344,Email,0
4345,Ph,0
4346,Ph,1
4347,Email,0
4348,Email,0
4349,Email,0
4350,Email,0
4351,Email,0
4352,Email,0
4353,Email,0
4354,Email,0
4355,Ph,1
4356,Email,0
4357,Email,0
4358,Ph,1
4359,Email,0
4360,Email,0
4361,Email,0
4362,Email,0
4363,Email,0
4364,Email,0
4365,Ph,0
4366,Email,0
4367,Ph,0
4368,Ph,0
4369,Ph,0
4370,Email,0
4371,Email,0
4372,Ph,0
4373,Email,0
4374,Ph,0
4375,Email,0
4376,Email,0
4377,Email,0
4378,Email,1
4379,Ph,0
4380,Email,0
4381,Email,0
4382,Email,0
4383,Email,0
4384,Ph,0
4385,Email,0
4386,Email,0
4387,Ph,0
4388,Ph,0
4389,Email,0
4390,Email,0
4391,Email,0
4392,Ph,0
4393,Ph,0
4394,Ph,0
4395,Email,0
4396,Ph,0
4397,Email,0
4398,Email,0
4399,Email,0
4400,Ph,0
4401,Email,0
4402,Email,0
4403,Email,0
4404,Ph,0
4405,Ph,0
4406,Email,0
4407,Email,0
4408,Email,0
4409,Email,1
4410,Email,0
4411,Ph,0
4412,Ph,0
4413,Ph,0
4414,Email,0
4415,Ph,1
4416,Email,0
4417,Email,0
4418,Email,0
4419,Ph,1
4420,Email,0
4421,Ph,0
4422,Email,0
4423,Ph,1
4424,Email,0
4425,Email,0
4426,Ph,1
4427,Ph,0
4428,Email,0
4429,Email,0
4430,Email,0
4431,Ph,0
4432,Ph,0
4433,Email,0
4434,Email,0
4435,Email,0
4436,Email,0
4437,Ph,0
4438,Ph,0
4439,Ph,0
4440,Ph,1
4441,Email,0
4442,Ph,0
4443,Email,0
4444,Email,0
4445,Ph,0
4446,Email,0
4447,Email,0
4448,Email,0
4449,Email,0
4450,Email,0
4451,Email,0
4452,Email,0
4453,Email,0
4454,Email,0
4455,Ph,0
4456,Email,0
4457,Email,0
4458,Ph,0
4459,Email,0
4460,Ph,0
4461,Email,0
4462,Email,0
4463,Email,0
4464,Email,0
4465,Ph,0
4466,Email,0
4467,Email,0
4468,Email,0
4469,Email,0
4470,Email,0
4471,Ph,1
4472,Ph,0
4473,Email,0
4474,Email,0
4475,Email,0
4476,Email,0
4477,Ph,0
4478,Ph,0
4479,Email,0
4480,Ph,0
4481,Ph,1
4482,Email,0
4483,Ph,0
4484,Email,0
4485,Ph,0
4486,Ph,0
4487,Email,0
4488,Email,0
4489,Email,0
4490,Ph,0
4491,Email,0
4492,Email,0
4493,Ph,0
4494,Email,0
4495,Email,1
4496,Email,0
4497,Email,0
4498,Email,0
4499,Email,0
4500,Email,0
4501,Email,0
4502,Email,0
4503,Ph,0
4504,Email,0
4505,Ph,0
4506,Email,0
4507,Email,0
4508,Email,0
4509,Email,0
4510,Ph,0
4511,Ph,0
4512,Email,0
4513,Email,0
4514,Email,0
4515,Email,0
4516,Ph,0
4517,Email,0
4518,Email,0
4519,Ph,0
4520,Email,0
4521,Ph,0
4522,Email,0
4523,Email,0
4524,Email,0
4525,Email,0
4526,Email,0
4527,Email,0
4528,Ph,0
4529,Email,0
4530,Ph,0
4531,Email,0
4532,Ph,0
4533,Ph,1
4534,Email,0
4535,Ph,0
4536,Email,0
4537,Email,0
4538,Email,0
4539,Email,0
4540,Email,0
4541,Ph,0
4542,Email,0
4543,Email,0
4544,Email,0
4545,Email,0
4546,Ph,0
4547,Ph,0
4548,Ph,0
4549,Email,0
4550,Email,0
4551,Ph,0
4552,Email,0
4553,Ph,0
4554,Ph,0
4555,Email,0
4556,Email,0
4557,Ph,0
4558,Email,0
4559,Email,0
4560,Ph,0
4561,Email,0
4562,Email,0
4563,Email,0
4564,Email,0
4565,Ph,0
4566,Ph,1
4567,Email,0
4568,Email,0
4569,Email,0
4570,Ph,0
4571,Email,0
4572,Email,0
4573,Ph,0
4574,Email,0
4575,Email,0
4576,Ph,1
4577,Email,0
4578,Email,0
4579,Ph,0
4580,Email,0
4581,Email,0
4582,Email,0
4583,Email,0
4584,Email,1
4585,Email,0
4586,Ph,1
4587,Email,0
4588,Email,0
4589,Ph,0
4590,Email,0
4591,Ph,1
4592,Ph,0
4593,Email,0
4594,Ph,1
4595,Email,0
4596,Email,0
4597,Email,0
4598,Email,0
4599,Email,0
4600,Ph,0
4601,Email,0
4602,Email,0
4603,Email,0
4604,Ph,0
4605,Ph,1
4606,Ph,0
4607,Email,0
4608,Ph,0
4609,Email,0
4610,Ph,0
4611,Email,0
4612,Email,0
4613,Email,0
4614,Ph,0
4615,Email,0
4616,Email,0
4617,Email,0
4618,Email,0
4619,Email,0
4620,Email,0
4621,Email,0
4622,Email,0
4623,Ph,0
4624,Email,0
4625,Ph,0
4626,Ph,1
4627,Ph,0
4628,Ph,1
4629,Ph,1
4630,Ph,0
4631,Ph,0
4632,Ph,1
4633,Email,0
4634,Email,0
4635,Email,0
4636,Email,0
4637,Email,0
4638,Ph,0
4639,Email,0
4640,Email,0
4641,Ph,0
4642,Ph,0
4643,Ph,1
4644,Email,0
4645,Ph,0
4646,Ph,0
4647,Email,0
4648,Email,0
4649,Email,0
4650,Email,0
4651,Ph,0
4652,Email,0
4653,Ph,1
4654,Ph,0
4655,Email,0
4656,Ph,1
4657,Ph,0
4658,Email,0
4659,Ph,0
4660,Email,0
4661,Email,0
4662,Email,0
4663,Email,0
4664,Email,0
4665,Ph,0
4666,Email,0
4667,Ph,0
4668,Email,0
4669,Email,0
4670,Email,0
4671,Email,0
4672,Email,0
4673,Email,0
4674,Email,0
4675,Email,0
4676,Email,0
4677,Email,0
4678,Email,0
4679,Ph,0
4680,Email,0
4681,Ph,0
4682,Email,0
4683,Email,0
4684,Ph,0
4685,Email,0
4686,Ph,0
4687,Email,0
4688,Email,0
4689,Email,0
4690,Email,0
4691,Email,0
4692,Email,0
4693,Email,0
4694,Email,0
4695,Email,0
4696,Email,0
4697,Email,0
4698,Email,0
4699,Ph,1
4700,Email,0
4701,Email,0
4702,Email,0
4703,Ph,1
4704,Email,0
4705,Email,0
4706,Ph,1
4707,Email,0
4708,Ph,0
4709,Email,0
4710,Email,0
4711,Ph,0
4712,Email,0
4713,Email,0
4714,Ph,0
4715,Email,0
4716,Ph,0
4717,Email,0
4718,Email,0
4719,Email,0
4720,Email,1
4721,Email,0
4722,Ph,0
4723,Email,0
4724,Email,0
4725,Email,0
4726,Email,0
4727,Ph,0
4728,Ph,0
4729,Email,0
4730,Ph,0
4731,Email,0
4732,Ph,0
4733,Ph,0
4734,Email,0
4735,Email,0
4736,Email,0
4737,Email,0
4738,Ph,0
4739,Ph,0
4740,Email,0
4741,Ph,0
4742,Email,0
4743,Email,0
4744,Ph,0
4745,Ph,0
4746,Email,0
4747,Email,0
4748,Ph,0
4749,Email,0
4750,Email,0
4751,Email,0
4752,Email,0
4753,Email,0
4754,Email,0
4755,Email,0
4756,Email,0
4757,Ph,0
4758,Email,0
4759,Email,0
4760,Ph,0
4761,Ph,0
4762,Ph,0
4763,Email,0
4764,Ph,1
4765,Ph,0
4766,Email,0
4767,Email,0
4768,Email,0
4769,Email,0
4770,Email,0
4771,Ph,0
4772,Email,0
4773,Email,0
4774,Email,0
4775,Ph,0
4776,Email,0
4777,Email,0
4778,Email,0
4779,Email,0
4780,Ph,0
4781,Email,0
4782,Ph,0
4783,Email,0
4784,Ph,0
4785,Ph,0
4786,Email,0
4787,Ph,0
4788,Email,0
4789,Ph,0
4790,Email,0
4791,Ph,1
4792,Email,0
4793,Email,0
4794,Ph,0
4795,Ph,0
4796,Email,0
4797,Email,0
4798,Email,0
4799,Email,0
4800,Email,0
4801,Ph,0
4802,Email,0
4803,Ph,0
4804,Email,0
4805,Email,0
4806,Email,0
4807,Email,0
4808,Email,0
4809,Email,0
4810,Email,0
4811,Email,0
4812,Ph,1
4813,Ph,1
4814,Email,0
4815,Ph,0
4816,Email,0
4817,Email,0
4818,Email,0
4819,Email,0
4820,Ph,0
4821,Email,0
4822,Email,0
4823,Ph,0
4824,Ph,1
4825,Email,0
4826,Email,0
4827,Email,0
4828,Email,0
4829,Email,0
4830,Ph,0
4831,Email,0
4832,Email,0
4833,Email,0
4834,Email,0
4835,Email,0
4836,Email,0
4837,Ph,0
4838,Ph,0
4839,Email,0
4840,Ph,0
4841,Email,0
4842,Email,0
4843,Email,1
4844,Ph,0
4845,Email,0
4846,Email,0
4847,Ph,1
4848,Email,0
4849,Email,0
4850,Email,0
4851,Email,0
4852,Email,0
4853,Email,0
4854,Email,0
4855,Email,0
4856,Email,0
4857,Email,0
4858,Ph,0
4859,Email,0
4860,Ph,1
4861,Email,0
4862,Email,0
4863,Email,0
4864,Email,0
4865,Email,0
4866,Ph,1
4867,Ph,0
4868,Email,0
4869,Email,0
4870,Email,0
4871,Email,0
4872,Email,0
4873,Email,0
4874,Email,0
4875,Ph,0
4876,Ph,0
4877,Email,1
4878,Email,0
4879,Ph,0
4880,Email,0
4881,Email,0
4882,Email,0
4883,Ph,0
4884,Ph,1
4885,Email,0
4886,Email,0
4887,Ph,0
4888,Ph,0
4889,Ph,0
4890,Ph,0
4891,Email,0
4892,Ph,0
4893,Email,0
4894,Ph,0
4895,Ph,0
4896,Email,0
4897,Email,0
4898,Ph,0
4899,Ph,0
4900,Email,0
4901,Email,0
4902,Ph,0
4903,Email,0
4904,Email,0
4905,Email,0
4906,Email,0
4907,Email,0
4908,Ph,0
4909,Email,0
4910,Email,0
4911,Ph,0
4912,Email,0
4913,Email,0
4914,Email,0
4915,Email,0
4916,Ph,0
4917,Email,0
4918,Email,0
4919,Email,0
4920,Email,0
4921,Email,0
4922,Email,0
4923,Email,0
4924,Ph,0
4925,Email,0
4926,Email,0
4927,Email,0
4928,Ph,1
4929,Ph,0
4930,Ph,0
4931,Email,0
4932,Email,0
4933,Email,0
4934,Email,0
4935,Ph,0
4936,Email,0
4937,Ph,0
4938,Ph,0
4939,Ph,0
4940,Ph,0
4941,Ph,0
4942,Ph,1
4943,Email,0
4944,Ph,0
4945,Email,0
4946,Email,0
4947,Ph,0
4948,Email,0
4949,Ph,0
4950,Ph,0
4951,Email,0
4952,Email,0
4953,Email,0
4954,Email,0
4955,Email,0
4956,Email,0
4957,Ph,0
4958,Ph,0
4959,Ph,0
4960,Email,0
4961,Ph,0
4962,Email,0
4963,Ph,1
4964,Email,0
4965,Ph,0
4966,Ph,0
4967,Ph,0
4968,Ph,0
4969,Ph,0
4970,Email,0
4971,Email,0
4972,Ph,0
4973,Email,0
4974,Email,0
4975,Email,0
4976,Email,0
4977,Ph,0
4978,Email,0
4979,Email,0
4980,Ph,0
4981,Email,1
4982,Ph,0
4983,Email,0
4984,Ph,0
4985,Ph,0
4986,Email,0
4987,Email,0
4988,Email,0
4989,Email,0
4990,Ph,0
4991,Email,0
4992,Ph,0
4993,Email,0
4994,Ph,0
4995,Email,0
4996,Email,0
4997,Email,0
4998,Email,0
4999,Email,0
5000,Email,0
